Workbook
Name Slicer_Store_Name: #N/A

Sheet Task 1-17
A1: Product ID | B1: Product Name | C1: Category | D1: Brand | E1: Price | F1: Stock | H1: Customer ID | I1: Customer Name | J1: City | K1: State | L1: Gender | N1: Store ID | O1: Store Name | P1: City | Q1: State | S1: Sale ID | T1: Product ID | U1: Customer ID | V1: Quantity | W1: Date | X1: Store ID | Y1: Product Name | Z1: Customer Name | AA1: Store Name | AB1: Product Price | AC1: Total Sales
A2: P1001 | B2: Laptop | C2: Electronics | D2: Dell | E2: 55000 | F2: 25 | H2: C001 | I2: Amit Patel | J2: Ahmedabad | K2: Gujarat | L2: Male | N2: S001 | O2: Alpha Store | P2: Ahmedabad | Q2: Gujarat | S2: SA001 | T2: P1001 | U2: C001 | V2: 1 | W2: 46023 | X2: S001 | Y2: {=INDEX(B1:B11,MATCH(T2:T16,A1:A11,0))} -> Laptop | Z2: {=INDEX(I1:I11,MATCH(U2:U16,H1:H11,0))} -> Amit Patel | AA2: {=INDEX(O2:O6,MATCH(X2:X16,N2:N6,0))} -> Alpha Store | AB2: {=INDEX(E2:E11,MATCH(T2:T16,A2:A11,0))} -> 55000 | AC2: =V2*AB2 -> 55000
A3: P1002 | B3: Smartphone | C3: Electronics | D3: Samsung | E3: 32000 | F3: 40 | H3: C002 | I3: Priya Shah | J3: Surat | K3: Gujatrat | L3: Female | N3: S002 | O3: Beta Store | P3: Surat | Q3: Gujarat | S3: SA002 | T3: P1005 | U3: C002 | V3: 3 | W3: 46024 | X3: S002 | Y3: Mouse | Z3: Priya Shah | AA3: Beta Store | AB3: 900 | AC3: =V3*AB3 -> 2700
A4: P1003 | B4: Headphones | C4: Electronics | D4: Sony | E4: 4500 | F4: 80 | H4: C003 | I4: Rahul Mehta | J4: Mumbai | K4: Maharashtra | L4: Male | N4: S003 | O4: Central Store | P4: Mumbai | Q4: Maharashtra | S4: SA003 | T4: P1003 | U4: C003 | V4: 2 | W4: 46025 | X4: S003 | Y4: Headphones | Z4: Rahul Mehta | AA4: Central Store | AB4: 4500 | AC4: =V4*AB4 -> 9000
A5: P1004 | B5: Keyboard | C5: Accessories | D5: Logitech | E5: 1800 | F5: 65 | H5: C004 | I5: Sneha Joshi | J5: Pune | K5: Maharashtra | L5: Female | N5: S004 | O5: Digital Hub | P5: Pune | Q5: Maharashtra | S5: SA004 | T5: P1009 | U5: C004 | V5: 1 | W5: 46026 | X5: S004 | Y5: Monitor | Z5: Sneha Joshi | AA5: Digital Hub | AB5: 16000 | AC5: =V5*AB5 -> 16000
A6: P1005 | B6: Mouse | C6: Accessories | D6: HP | E6: 900 | F6: 120 | H6: C005 | I6: Arjun Singh | J6: Jaipur | K6: Rajasthan | L6: Male | N6: S005 | O6: Smart World | P6: Jaipur | Q6: Rajasthan | S6: SA005 | T6: P1002 | U6: C005 | V6: 2 | W6: 46027 | X6: S005 | Y6: Smartphone | Z6: Arjun Singh | AA6: Smart World | AB6: 32000 | AC6: =V6*AB6 -> 64000
A7: P1006 | B7: Printer | C7: Electronics | D7: Canon | E7: 12500 | F7: 18 | H7: C006 | I7: Neha Verma | J7: Delhi | K7: Delhi | L7: Female | S7: SA006 | T7: P1007 | U7: C006 | V7: 1 | W7: 46028 | X7: S001 | Y7: Office Chair | Z7: Neha Verma | AA7: Alpha Store | AB7: 8500 | AC7: =V7*AB7 -> 8500
A8: P1007 | B8: Office Chair | C8: Furniture | D8: Green Soul | E8: 8500 | F8: 20 | H8: C007 | I8: Rohan Gupta | J8: Indore | K8: Madhya Pradesh | L8: Male | S8: SA007 | T8: P1006 | U8: C007 | V8: 1 | W8: 46029 | X8: S002 | Y8: Printer | Z8: Rohan Gupta | AA8: Beta Store | AB8: 12500 | AC8: =V8*AB8 -> 12500
A9: P1008 | B9: Office Desk | C9: Furniture | D9: IKEA | E9: 12000 | F9: 15 | H9: C008 | I9: Pooja Sharma | J9: Lucknow | K9: Uttar Pradesh | L9: Female | S9: SA008 | T9: P1010 | U9: C008 | V9: 2 | W9: 46030 | X9: S003 | Y9: Webcam | Z9: Pooja Sharma | AA9: Central Store | AB9: 3500 | AC9: =V9*AB9 -> 7000
A10: P1009 | B10: Monitor | C10: Electronics | D10: LG | E10: 16000 | F10: 30 | H10: C009 | I10: Karan Desai | J10: Vadodara | K10: Gujarat | L10: Male | N10: TASK 10 | O10: Store ID | P10: Store Name | S10: SA009 | T10: P1004 | U10: C009 | V10: 4 | W10: 46031 | X10: S004 | Y10: Keyboard | Z10: Karan Desai | AA10: Digital Hub | AB10: 1800 | AC10: =V10*AB10 -> 7200
A11: P1010 | B11: Webcam | C11: Accessories | D11: Logitech | E11: 3500 | F11: 50 | H11: C010 | I11: Anjali Nair | J11: Kochi | K11: Kerala | L11: Female | O11: S003 | P11: =_xlfn.XLOOKUP(O11,N1:N6,O1:O6) -> Central Store | S11: SA010 | T11: P1008 | U11: C010 | V11: 1 | W11: 46032 | X11: S005 | Y11: Office Desk | Z11: Anjali Nair | AA11: Smart World | AB11: 12000 | AC11: =V11*AB11 -> 12000
S12: SA011 | T12: P1005 | U12: C001 | V12: 5 | W12: 46033 | X12: S001 | Y12: Mouse | Z12: Amit Patel | AA12: Alpha Store | AB12: 900 | AC12: =V12*AB12 -> 4500
N13: TASK 11 | O13: Store ID | P13: City | S13: SA012 | T13: P1003 | U13: C002 | V13: 3 | W13: 46034 | X13: S002 | Y13: Headphones | Z13: Priya Shah | AA13: Beta Store | AB13: 4500 | AC13: =V13*AB13 -> 13500
A14: TASK 1 | B14: Product ID | C14: Product Name | H14: TASK 6 | I14: Customer ID | J14: Customer Name | O14: S005 | P14: =_xlfn.XLOOKUP(O14,N1:N6,P1:P6) -> Jaipur | S14: SA013 | T14: P1001 | U14: C003 | V14: 1 | W14: 46035 | X14: S003 | Y14: Laptop | Z14: Rahul Mehta | AA14: Central Store | AB14: 55000 | AC14: =V14*AB14 -> 55000
B15: P1006 | C15: =_xlfn.XLOOKUP(B15,A1:A11,B1:B11) -> Printer | I15: C007 | J15: =_xlfn.XLOOKUP(I15,H1:H11,I1:I11) -> Rohan Gupta | S15: SA014 | T15: P1009 | U15: C004 | V15: 2 | W15: 46036 | X15: S004 | Y15: Monitor | Z15: Sneha Joshi | AA15: Digital Hub | AB15: 16000 | AC15: =V15*AB15 -> 32000
N16: TASK 12 | O16: Store ID | P16: State | S16: SA015 | T16: P1002 | U16: C005 | V16: 1 | W16: 46037 | X16: S005 | Y16: Smartphone | Z16: Arjun Singh | AA16: Smart World | AB16: 32000 | AC16: =V16*AB16 -> 32000
A17: TASK 2 | B17: Product ID | C17: Price | H17: TASK 7 | I17: Customer ID | J17: City | O17: S002 | P17: =_xlfn.XLOOKUP(O17,N1:N6,Q1:Q6) -> Gujarat
B18: P1008 | C18: =_xlfn.XLOOKUP(B18,A1:A11,E1:E11) -> 12000 | I18: C010 | J18: =_xlfn.XLOOKUP(I18,H1:H11,J1:J11) -> Kochi
A20: TASK 3 | B20: Product ID | C20: Brand | H20: TASK 8 | I20: Customer ID | J20: State
B21: P1003 | C21: =_xlfn.XLOOKUP(B21,A1:A11,D1:D11) -> Sony | I21: C003 | J21: =_xlfn.XLOOKUP(I21,H1:H11,K1:K11) -> Maharashtra
A23: TASK 4 | B23: Product ID | C23: Stock | H23: TASK 9 | I23: Customer ID | J23: Gender
B24: P1005 | C24: =_xlfn.XLOOKUP(B24,A1:A11,F1:F11) -> 120 | I24: C006 | J24: =_xlfn.XLOOKUP(I24,H1:H11,L1:L11) -> Female
A26: TASK 5 | B26: Product ID | C26: Category
B27: P1004 | C27: =_xlfn.XLOOKUP(B27,A1:A11,C1:C11) -> Accessories

Sheet Task 18-19
A1: TASK 18 | B1: Sale ID | C1: Product Name | D1: Category | E1: Customer Name | F1: Store Name | G1: Quantity | H1: Price | I1: Total Sales
B2: {='Task 1-17'!S2:S16} -> SA001 | C2: {=_xlfn.ANCHORARRAY('Task 1-17'!Y2)} -> Laptop | D2: {=INDEX('Task 1-17'!C2:C11,MATCH('Task 1-17'!T2:T16,'Task 1-17'!A2:A11,0))} -> Electronics | E2: {=_xlfn.ANCHORARRAY('Task 1-17'!Z2)} -> Amit Patel | F2: {=_xlfn.ANCHORARRAY('Task 1-17'!AA2)} -> Alpha Store | G2: {='Task 1-17'!V2:V16} -> 1 | H2: {=_xlfn.ANCHORARRAY('Task 1-17'!AB2)} -> 55000 | I2: {='Task 1-17'!AC2:AC16} -> 55000
B3: SA002 | C3: Mouse | D3: Accessories | E3: Priya Shah | F3: Beta Store | G3: 3 | H3: 900 | I3: 2700
B4: SA003 | C4: Headphones | D4: Electronics | E4: Rahul Mehta | F4: Central Store | G4: 2 | H4: 4500 | I4: 9000
B5: SA004 | C5: Monitor | D5: Electronics | E5: Sneha Joshi | F5: Digital Hub | G5: 1 | H5: 16000 | I5: 16000
B6: SA005 | C6: Smartphone | D6: Electronics | E6: Arjun Singh | F6: Smart World | G6: 2 | H6: 32000 | I6: 64000
B7: SA006 | C7: Office Chair | D7: Furniture | E7: Neha Verma | F7: Alpha Store | G7: 1 | H7: 8500 | I7: 8500
B8: SA007 | C8: Printer | D8: Electronics | E8: Rohan Gupta | F8: Beta Store | G8: 1 | H8: 12500 | I8: 12500
B9: SA008 | C9: Webcam | D9: Accessories | E9: Pooja Sharma | F9: Central Store | G9: 2 | H9: 3500 | I9: 7000
B10: SA009 | C10: Keyboard | D10: Accessories | E10: Karan Desai | F10: Digital Hub | G10: 4 | H10: 1800 | I10: 7200
B11: SA010 | C11: Office Desk | D11: Furniture | E11: Anjali Nair | F11: Smart World | G11: 1 | H11: 12000 | I11: 12000
B12: SA011 | C12: Mouse | D12: Accessories | E12: Amit Patel | F12: Alpha Store | G12: 5 | H12: 900 | I12: 4500
B13: SA012 | C13: Headphones | D13: Electronics | E13: Priya Shah | F13: Beta Store | G13: 3 | H13: 4500 | I13: 13500
B14: SA013 | C14: Laptop | D14: Electronics | E14: Rahul Mehta | F14: Central Store | G14: 1 | H14: 55000 | I14: 55000
... B16: SA015 | C16: Smartphone | D16: Electronics | E16: Arjun Singh | F16: Smart World | G16: 1 | H16: 32000 | I16: 32000
A19: TASK 19 | B19: Product ID | C19: Product Name | D19: Category | E19: Brand | F19: Price | G19: Stock
B20: P1001 | C20: =INDEX('Task 1-17'!B2:B11,MATCH('Task 18-19'!B20,'Task 1-17'!A2:A11,0)) -> Laptop | D20: =INDEX('Task 1-17'!C2:C11,MATCH('Task 18-19'!B20,'Task 1-17'!A2:A11,0)) -> Electronics | E20: =INDEX('Task 1-17'!D2:D11,MATCH('Task 18-19'!B20,'Task 1-17'!A2:A11,0)) -> Dell | F20: =INDEX('Task 1-17'!E2:E11,MATCH('Task 18-19'!B20,'Task 1-17'!A2:A11,0)) -> 55000 | G20: =INDEX('Task 1-17'!F2:F11,MATCH('Task 18-19'!B20,'Task 1-17'!A2:A11,0)) -> 25

Sheet Pivot Table
A3: Row Labels | B3: Sum of Quantity | C3: Sum of Total Sales | D3: Sum of Product Price | F3: Row Labels | G3: Sum of Quantity | I3: Row Labels | J3: Sum of Price | L3: Row Labels | M3: Sum of Quantity
A4: Alpha Store | B4: 7 | C4: 68000 | D4: 64400 | F4: Accessories | G4: 14 | I4: Headphones | J4: 9000 | L4: C001 | M4: 6
A5: Beta Store | B5: 7 | C5: 28700 | D5: 17900 | F5: Electronics | G5: 14 | I5: Keyboard | J5: 1800 | L5: C002 | M5: 6
A6: Central Store | B6: 5 | C6: 71000 | D6: 63000 | F6: Furniture | G6: 2 | I6: Laptop | J6: 110000 | L6: C003 | M6: 3
A7: Digital Hub | B7: 7 | C7: 55200 | D7: 33800 | F7: Grand Total | G7: 30 | I7: Monitor | J7: 32000 | L7: C004 | M7: 3
A8: Smart World | B8: 4 | C8: 108000 | D8: 76000 | I8: Mouse | J8: 1800 | L8: C005 | M8: 3
A9: Grand Total | B9: 30 | C9: 330900 | D9: 255100 | I9: Office Chair | J9: 8500 | L9: C006 | M9: 1
I10: Office Desk | J10: 12000 | L10: C007 | M10: 1
I11: Printer | J11: 12500 | L11: C008 | M11: 2
I12: Smartphone | J12: 64000 | L12: C009 | M12: 4
I13: Webcam | J13: 3500 | L13: C010 | M13: 1
I14: Grand Total | J14: 255100 | L14: Grand Total | M14: 30

Sheet Dashboard
B2: TRANSACTION DASHBOARD
B5: Transaction Details
B7: Sale ID | C7: SA002
B9: Product Name | C9: =INDEX(_xlfn.ANCHORARRAY('Task 1-17'!Y2),MATCH(Dashboard!C7,'Task 1-17'!S2:S16,0)) -> Mouse
B10: Category | C10: =INDEX('Task 1-17'!C2:C11,MATCH(INDEX('Task 1-17'!T2:T16,MATCH(Dashboard!C7,'Task 1-17'!S2:S16,0)),'Task 1-17'!A2:A11,0)) -> Accessories
B11: Brand | C11: =INDEX('Task 1-17'!D2:D11,MATCH(INDEX('Task 1-17'!T2:T16,MATCH(Dashboard!C7,'Task 1-17'!S2:S16,0)),'Task 1-17'!A2:A11,0)) -> HP
B12: Customer name | C12: =INDEX(_xlfn.ANCHORARRAY('Task 1-17'!Z2),MATCH(C7,'Task 1-17'!S2:S16,0)) -> Priya Shah
B13: Customer City | C13: =INDEX('Task 1-17'!J2:J11,MATCH(INDEX('Task 1-17'!U2:U16,MATCH(C7,'Task 1-17'!S2:S16,0)),'Task 1-17'!H2:H11,0)) -> Surat
B14: Store name | C14: =INDEX(_xlfn.ANCHORARRAY('Task 1-17'!AA2),MATCH(Dashboard!C7,'Task 1-17'!S2:S16,0)) -> Beta Store
B15: Store City | C15: =INDEX('Task 1-17'!P2:P6,MATCH(INDEX('Task 1-17'!X2:X16,MATCH(Dashboard!C7,'Task 1-17'!S2:S16,0)),'Task 1-17'!N2:N6,0)) -> Surat
B16: Quantity | C16: =INDEX('Task 1-17'!V2:V16,MATCH(Dashboard!C7,'Task 1-17'!S2:S16,0)) -> 3
B17: Product Price | C17: =INDEX(_xlfn.ANCHORARRAY('Task 1-17'!AB2),MATCH(Dashboard!C7,'Task 1-17'!S2:S16,0)) -> 900
B18: Total Sales | C18: =INDEX('Task 1-17'!AC2:AC16,MATCH(Dashboard!C7,'Task 1-17'!S2:S16,0)) -> 2700
B19: Date | C19: =INDEX('Task 1-17'!W2:W16,MATCH(Dashboard!C7,'Task 1-17'!S2:S16,0)) -> 46024
